articulo_nr,articulo_descripcion,ean_entrada,area,main_group,grupo,eCompetidor,busca_tipo,busca_termo,produto_encontrado,score_match,nome_coto,marca_coto,preco_coto,preco_por_coto,preco_de_coto,oferta_coto,preco_referencia_coto,ean_coto,sku_coto,url_produto,imagem,search_url,total_resultados,erro
1096628,ACEITE COCINERO GIRA BTX900ML,7790070012050,ALIMENTOS SECOS,ALIMENTOS BASICOS,ACEITES COMESTIBLES,Coto Ciudadela,descripcion,ACEITE COCINERO GIRA BTX900ML,True,78,Aceite Girasol COCINERO Botella 900 Ml,COCINERO,432222.0,,,,3890,,prod00183553,_/R-00183553-00183553-200,https://static.cotodigital3.com.ar/sitios/fotos/large/00183500/00183553.jpg,https://api.coto.com.ar/api/v1/ms-digital-sitio-bff-web/api/v1/products/search/ACEITE%20COCINERO%20GIRA%20BTX900ML?key=key_r6xzz4IAoTWcipni&num_results_per_page=24&pre_filter_expression=%7B%22name%22%3A%22store_availability%22%2C%22value%22%3A%22200%22%7D,11,
1698541,ACEITE LEGITIMO GIRASOL X 900CC,7798316700808,ALIMENTOS SECOS,ALIMENTOS BASICOS,ACEITES COMESTIBLES,Coto Ciudadela,descripcion,ACEITE LEGITIMO GIRASOL X 900CC,True,74,Aceite Girasol Legitimo 900 Cmq,LEGITIMO,4000.0,,,,3600,,prod00102866,_/R-00102866-00102866-200,https://static.cotodigital3.com.ar/sitios/fotos/large/00102800/00102866.jpg,https://api.coto.com.ar/api/v1/ms-digital-sitio-bff-web/api/v1/products/search/ACEITE%20LEGITIMO%20GIRASOL%20X%20900CC?key=key_r6xzz4IAoTWcipni&num_results_per_page=24&pre_filter_expression=%7B%22name%22%3A%22store_availability%22%2C%22value%22%3A%22200%22%7D,6,
1684748,ACEITE LEGITIMO GIRASOL X1.5L,7798316700815,ALIMENTOS SECOS,ALIMENTOS BASICOS,ACEITES COMESTIBLES,Coto Ciudadela,descripcion,ACEITE LEGITIMO GIRASOL X1.5L,True,76,Aceite Girasol Legitimo 1.5 Ltr,LEGITIMO,3866.0,3866.0,5799.0,x,5799,,prod00024344,_/R-00024344-00024344-200,https://static.cotodigital3.com.ar/sitios/fotos/large/00024300/00024344.jpg,https://api.coto.com.ar/api/v1/ms-digital-sitio-bff-web/api/v1/products/search/ACEITE%20LEGITIMO%20GIRASOL%20X1.5L?key=key_r6xzz4IAoTWcipni&num_results_per_page=24&pre_filter_expression=%7B%22name%22%3A%22store_availability%22%2C%22value%22%3A%22200%22%7D,6,
1054196,ACEITE NATURA GIRASOL BDX5L,7790272004112,ALIMENTOS SECOS,ALIMENTOS BASICOS,ACEITES COMESTIBLES,Coto Ciudadela,descripcion,ACEITE NATURA GIRASOL BDX5L,True,68,Aceite Girasol NATURA Botella 1.5 L,NATURA,4430.0,4430.0,6645.0,x,6645,,prod00014076,_/R-00014076-00014076-200,https://static.cotodigital3.com.ar/sitios/fotos/large/00014000/00014076.jpg,https://api.coto.com.ar/api/v1/ms-digital-sitio-bff-web/api/v1/products/search/ACEITE%20NATURA%20GIRASOL%20BDX5L?key=key_r6xzz4IAoTWcipni&num_results_per_page=24&pre_filter_expression=%7B%22name%22%3A%22store_availability%22%2C%22value%22%3A%22200%22%7D,9,
1027208,ARROZ L/FINO 5/0 DOS HNOS PQX1KG,7790503199082,ALIMENTOS SECOS,ALIMENTOS BASICOS,ARROZ,Coto Ciudadela,descripcion,ARROZ L/FINO 5/0 DOS HNOS PQX1KG,False,,,,,,,,,,,,,https://api.coto.com.ar/api/v1/ms-digital-sitio-bff-web/api/v1/products/search/ARROZ%20L%2FFINO%205%2F0%20DOS%20HNOS%20PQX1KG?key=key_r6xzz4IAoTWcipni&num_results_per_page=24&pre_filter_expression=%7B%22name%22%3A%22store_availability%22%2C%22value%22%3A%22200%22%7D,,HttpError('Ignoring non-200 response')
1096615,ACEITE NATURA GIRASOL BOT X900 ML,7790272001005,ALIMENTOS SECOS,ALIMENTOS BASICOS,ACEITES COMESTIBLES,Coto Ciudadela,descripcion,ACEITE NATURA GIRASOL BOT X900 ML,True,82,Aceite Girasol NATURA Botella 900 Ml,NATURA,466555.0,,,,4199,,prod00163580,_/R-00163580-00163580-200,https://static.cotodigital3.com.ar/sitios/fotos/large/00163500/00163580.jpg,https://api.coto.com.ar/api/v1/ms-digital-sitio-bff-web/api/v1/products/search/ACEITE%20NATURA%20GIRASOL%20BOT%20X900%20ML?key=key_r6xzz4IAoTWcipni&num_results_per_page=24&pre_filter_expression=%7B%22name%22%3A%22store_availability%22%2C%22value%22%3A%22200%22%7D,11,
1615848,ARROZ L/FINO MARIA PQX1KG,7790387070019,ALIMENTOS SECOS,ALIMENTOS BASICOS,ARROZ,Coto Ciudadela,descripcion,ARROZ L/FINO MARIA PQX1KG,False,,,,,,,,,,,,,https://api.coto.com.ar/api/v1/ms-digital-sitio-bff-web/api/v1/products/search/ARROZ%20L%2FFINO%20MARIA%20PQX1KG?key=key_r6xzz4IAoTWcipni&num_results_per_page=24&pre_filter_expression=%7B%22name%22%3A%22store_availability%22%2C%22value%22%3A%22200%22%7D,,HttpError('Ignoring non-200 response')
1027273,ARROZ LARGO FINO 53 PQX1KG,7791120032554,ALIMENTOS SECOS,ALIMENTOS BASICOS,ARROZ,Coto Ciudadela,descripcion,ARROZ LARGO FINO 53 PQX1KG,True,79,Arroz Largo Fino Gallo 1 Kg,GALLO,2244.0,,,,2244,,prod00561452,_/R-00561452-00561452-200,https://static.cotodigital3.com.ar/sitios/fotos/large/00561400/00561452.jpg,https://api.coto.com.ar/api/v1/ms-digital-sitio-bff-web/api/v1/products/search/ARROZ%20LARGO%20FINO%2053%20PQX1KG?key=key_r6xzz4IAoTWcipni&num_results_per_page=24&pre_filter_expression=%7B%22name%22%3A%22store_availability%22%2C%22value%22%3A%22200%22%7D,8,
1746589,ARROZ LARGO FINO MOLINOS ALA 1KG,7791120100857,ALIMENTOS SECOS,ALIMENTOS BASICOS,ARROZ,Coto Ciudadela,descripcion,ARROZ LARGO FINO MOLINOS ALA 1KG,True,97,Arroz Largo Fino MOLINOS ALA Paquete 1 Kg,MOLINOS ALA,1790.0,,,,1790,,prod00002270,_/R-00002270-00002270-200,https://static.cotodigital3.com.ar/sitios/fotos/large/00002200/00002270.jpg,https://api.coto.com.ar/api/v1/ms-digital-sitio-bff-web/api/v1/products/search/ARROZ%20LARGO%20FINO%20MOLINOS%20ALA%201KG?key=key_r6xzz4IAoTWcipni&num_results_per_page=24&pre_filter_expression=%7B%22name%22%3A%22store_availability%22%2C%22value%22%3A%22200%22%7D,8,
1048788,ARROZ PARBOIL DOS HNOS PQX1KG,7790503199099,ALIMENTOS SECOS,ALIMENTOS BASICOS,ARROZ,Coto Ciudadela,descripcion,ARROZ PARBOIL DOS HNOS PQX1KG,True,91,Arroz Parboil Dos Hnos. Paq 1 Kgm,DOS HERMANOS,2050.0,,,,2050,,prod00514013,_/R-00514013-00514013-200,https://static.cotodigital3.com.ar/sitios/fotos/large/00514000/00514013.jpg,https://api.coto.com.ar/api/v1/ms-digital-sitio-bff-web/api/v1/products/search/ARROZ%20PARBOIL%20DOS%20HNOS%20PQX1KG?key=key_r6xzz4IAoTWcipni&num_results_per_page=24&pre_filter_expression=%7B%22name%22%3A%22store_availability%22%2C%22value%22%3A%22200%22%7D,8,
1120847,AZUCAR CLASICA LEDESMA X1K,7792540260138,ALIMENTOS SECOS,ALIMENTOS BASICOS,AZUCAR,Coto Ciudadela,descripcion,AZUCAR CLASICA LEDESMA X1K,True,77,Azúcar Rubio Mascabo LEDESMA 800g,LEDESMA,313625.0,,,,2509,,prod00481465,_/R-00481465-00481465-200,https://static.cotodigital3.com.ar/sitios/fotos/large/00481400/00481465.jpg,https://api.coto.com.ar/api/v1/ms-digital-sitio-bff-web/api/v1/products/search/AZUCAR%20CLASICA%20LEDESMA%20X1K?key=key_r6xzz4IAoTWcipni&num_results_per_page=24&pre_filter_expression=%7B%22name%22%3A%22store_availability%22%2C%22value%22%3A%22200%22%7D,10,
1117220,AZUCAR LIGHT HILERET PQX500G,7794940000536,ALIMENTOS SECOS,ALIMENTOS BASICOS,DIETETICOS NATURALES,Coto Ciudadela,descripcion,AZUCAR LIGHT HILERET PQX500G,True,79,Azúcar HILERET Light 500 Gr,HILERET,5602.0,,,,2801,,prod00062704,_/R-00062704-00062704-200,https://static.cotodigital3.com.ar/sitios/fotos/large/00062700/00062704.jpg,https://api.coto.com.ar/api/v1/ms-digital-sitio-bff-web/api/v1/products/search/AZUCAR%20LIGHT%20HILERET%20PQX500G?key=key_r6xzz4IAoTWcipni&num_results_per_page=24&pre_filter_expression=%7B%22name%22%3A%22store_availability%22%2C%22value%22%3A%22200%22%7D,13,
1609855,END HILERET CLASICO FORTE x500ML,7790490998309,ALIMENTOS SECOS,ALIMENTOS BASICOS,DIETETICOS NATURALES,Coto Ciudadela,descripcion,END HILERET CLASICO FORTE x500ML,True,73,Endulzante Clásico Forte Hileret Cja 500 Grm,HILERET,408825.0,,,,16353,,prod00513653,_/R-00513653-00513653-200,https://static.cotodigital3.com.ar/sitios/fotos/large/00513600/00513653.jpg,https://api.coto.com.ar/api/v1/ms-digital-sitio-bff-web/api/v1/products/search/END%20HILERET%20CLASICO%20FORTE%20x500ML?key=key_r6xzz4IAoTWcipni&num_results_per_page=24&pre_filter_expression=%7B%22name%22%3A%22store_availability%22%2C%22value%22%3A%22200%22%7D,4,
1117493,ENDUL SI-DIET BT X500ML,7790036020211,ALIMENTOS SECOS,ALIMENTOS BASICOS,DIETETICOS NATURALES,Coto Ciudadela,descripcion,ENDUL SI-DIET BT X500ML,True,65,Endulzante Clásico HILERET 500ml,HILERET,10098.0,,,,5049,,prod00511722,_/R-00511722-00511722-200,https://static.cotodigital3.com.ar/sitios/fotos/large/00511700/00511722.jpg,https://api.coto.com.ar/api/v1/ms-digital-sitio-bff-web/api/v1/products/search/ENDUL%20SI-DIET%20BT%20X500ML?key=key_r6xzz4IAoTWcipni&num_results_per_page=24&pre_filter_expression=%7B%22name%22%3A%22store_availability%22%2C%22value%22%3A%22200%22%7D,8,
953030,FID FAVORITA TALLARIN PQX500G,7790070320292,ALIMENTOS SECOS,ALIMENTOS BASICOS,FIDEOS,Coto Ciudadela,descripcion,FID FAVORITA TALLARIN PQX500G,True,48,Lata Yerba Gris 500gr,ENVAFLU,8299.0,,,,8299,,prod00592109,_/R-00592109-00592109-200,https://static.cotodigital3.com.ar/sitios/fotos/large/00592100/00592109.jpg,https://api.coto.com.ar/api/v1/ms-digital-sitio-bff-web/api/v1/products/search/FID%20FAVORITA%20TALLARIN%20PQX500G?key=key_r6xzz4IAoTWcipni&num_results_per_page=24&pre_filter_expression=%7B%22name%22%3A%22store_availability%22%2C%22value%22%3A%22200%22%7D,9,
1246479,FID LA PROVIDENCIA SPAGH PQX500G,7798141970346,ALIMENTOS SECOS,ALIMENTOS BASICOS,FIDEOS,Coto Ciudadela,descripcion,FID LA PROVIDENCIA SPAGH PQX500G,True,47,Fideos Spaghetti MATARAZZO 500g,MATARAZZO,3700.0,,,,1850,,prod00573911,_/R-00573911-00573911-200,https://static.cotodigital3.com.ar/sitios/fotos/large/00573900/00573911.jpg,https://api.coto.com.ar/api/v1/ms-digital-sitio-bff-web/api/v1/products/search/FID%20LA%20PROVIDENCIA%20SPAGH%20PQX500G?key=key_r6xzz4IAoTWcipni&num_results_per_page=24&pre_filter_expression=%7B%22name%22%3A%22store_availability%22%2C%22value%22%3A%22200%22%7D,9,
1755390,FID MATARAZO TALLARÍN N5 X500G,7790070336316,ALIMENTOS SECOS,ALIMENTOS BASICOS,FIDEOS,Coto Ciudadela,descripcion,FID MATARAZO TALLARÍN N5 X500G,True,65,Fideos Tallarin N° 5 Matarazzo 500g,MATARAZZO,3700.0,,,,1850,,prod00573920,_/R-00573920-00573920-200,https://static.cotodigital3.com.ar/sitios/fotos/large/00573900/00573920.jpg,https://api.coto.com.ar/api/v1/ms-digital-sitio-bff-web/api/v1/products/search/FID%20MATARAZO%20TALLAR%C3%8DN%20N5%20X500G?key=key_r6xzz4IAoTWcipni&num_results_per_page=24&pre_filter_expression=%7B%22name%22%3A%22store_availability%22%2C%22value%22%3A%22200%22%7D,7,
1553461,FID MATARAZZO CODITO PQX500G,7790070318619,ALIMENTOS SECOS,ALIMENTOS BASICOS,FIDEOS,Coto Ciudadela,descripcion,FID MATARAZZO CODITO PQX500G,True,71,Coditos MATARAZZO 500 Gr,MATARAZZO,3700.0,,,,1850,,prod00263761,_/R-00263761-00263761-200,https://static.cotodigital3.com.ar/sitios/fotos/large/00263700/00263761.jpg,https://api.coto.com.ar/api/v1/ms-digital-sitio-bff-web/api/v1/products/search/FID%20MATARAZZO%20CODITO%20PQX500G?key=key_r6xzz4IAoTWcipni&num_results_per_page=24&pre_filter_expression=%7B%22name%22%3A%22store_availability%22%2C%22value%22%3A%22200%22%7D,13,
1747954,FID TALLARIN LUCCHETTI N°5 X500G,7790070336118,ALIMENTOS SECOS,ALIMENTOS BASICOS,FIDEOS,Coto Ciudadela,descripcion,FID TALLARIN LUCCHETTI N°5 X500G,True,93,Fideos Tallarin N5 Lucchetti 500g,LUCCHETTI,3000.0,,,,1500,,prod00572005,_/R-00572005-00572005-200,https://static.cotodigital3.com.ar/sitios/fotos/large/00572000/00572005.jpg,https://api.coto.com.ar/api/v1/ms-digital-sitio-bff-web/api/v1/products/search/FID%20TALLARIN%20LUCCHETTI%20N%C2%B05%20X500G?key=key_r6xzz4IAoTWcipni&num_results_per_page=24&pre_filter_expression=%7B%22name%22%3A%22store_availability%22%2C%22value%22%3A%22200%22%7D,9,
1135186,HARINA 0000 CASERITA X1K,7792590000227,ALIMENTOS SECOS,ALIMENTOS BASICOS,HARINA DE TRIGO,Coto Ciudadela,descripcion,HARINA 0000 CASERITA X1K,True,65,Harina Trigo 0000 MORIXE 1kg,MORIXE,1319.0,,,,1319,,prod00480052,_/R-00480052-00480052-200,https://static.cotodigital3.com.ar/sitios/fotos/large/00480000/00480052.jpg,https://api.coto.com.ar/api/v1/ms-digital-sitio-bff-web/api/v1/products/search/HARINA%200000%20CASERITA%20X1K?key=key_r6xzz4IAoTWcipni&num_results_per_page=24&pre_filter_expression=%7B%22name%22%3A%22store_availability%22%2C%22value%22%3A%22200%22%7D,8,
1135082,HARINA PUREZA 0000 FORT V/ZINCX1K,7792180004871,ALIMENTOS SECOS,ALIMENTOS BASICOS,HARINA DE TRIGO,Coto Ciudadela,descripcion,HARINA PUREZA 0000 FORT V/ZINCX1K,False,,,,,,,,,,,,,https://api.coto.com.ar/api/v1/ms-digital-sitio-bff-web/api/v1/products/search/HARINA%20PUREZA%200000%20FORT%20V%2FZINCX1K?key=key_r6xzz4IAoTWcipni&num_results_per_page=24&pre_filter_expression=%7B%22name%22%3A%22store_availability%22%2C%22value%22%3A%22200%22%7D,,HttpError('Ignoring non-200 response')
1769027,HARINA BLANCAFLOR LEUD FOR PQX1KG,7790070562180,ALIMENTOS SECOS,ALIMENTOS BASICOS,HARINA DE TRIGO,Coto Ciudadela,descripcion,HARINA BLANCAFLOR LEUD FOR PQX1KG,True,74,Harina P/Pizza BLANCAFLOR Paq 1 Kgm,BLANCAFLOR,2350.0,,,,2350,,prod00486453,_/R-00486453-00486453-200,https://static.cotodigital3.com.ar/sitios/fotos/large/00486400/00486453.jpg,https://api.coto.com.ar/api/v1/ms-digital-sitio-bff-web/api/v1/products/search/HARINA%20BLANCAFLOR%20LEUD%20FOR%20PQX1KG?key=key_r6xzz4IAoTWcipni&num_results_per_page=24&pre_filter_expression=%7B%22name%22%3A%22store_availability%22%2C%22value%22%3A%22200%22%7D,8,
1727232,HARINA PUREZA LEU FORT V/ZINC X1K,7792180140708,ALIMENTOS SECOS,ALIMENTOS BASICOS,HARINA DE TRIGO,Coto Ciudadela,descripcion,HARINA PUREZA LEU FORT V/ZINC X1K,False,,,,,,,,,,,,,https://api.coto.com.ar/api/v1/ms-digital-sitio-bff-web/api/v1/products/search/HARINA%20PUREZA%20LEU%20FORT%20V%2FZINC%20X1K?key=key_r6xzz4IAoTWcipni&num_results_per_page=24&pre_filter_expression=%7B%22name%22%3A%22store_availability%22%2C%22value%22%3A%22200%22%7D,,HttpError('Ignoring non-200 response')
1655537,LECHE LA PAULINA EN POLVO  X800G,7790398100644,ALIMENTOS SECOS,ALIMENTOS BASICOS,LECHE NO FLUIDA,Coto Ciudadela,descripcion,LECHE LA PAULINA EN POLVO  X800G,True,54,Leche En Polvo Pro Futura Nutrilon 800g,NUTRILON,5733375.0,,,,45867,,prod00269098,_/R-00269098-00269098-200,https://static.cotodigital3.com.ar/sitios/fotos/large/00269000/00269098.jpg,https://api.coto.com.ar/api/v1/ms-digital-sitio-bff-web/api/v1/products/search/LECHE%20LA%20PAULINA%20EN%20POLVO%20%20X800G?key=key_r6xzz4IAoTWcipni&num_results_per_page=24&pre_filter_expression=%7B%22name%22%3A%22store_availability%22%2C%22value%22%3A%22200%22%7D,5,
1601015,MC S/E DIAMANTAD TARAGUI X100X3GR,7790387800074,ALIMENTOS SECOS,ALIMENTOS BASICOS,TE Y YERBAS,Coto Ciudadela,descripcion,MC S/E DIAMANTAD TARAGUI X100X3GR,False,,,,,,,,,,,,,https://api.coto.com.ar/api/v1/ms-digital-sitio-bff-web/api/v1/products/search/MC%20S%2FE%20DIAMANTAD%20TARAGUI%20X100X3GR?key=key_r6xzz4IAoTWcipni&num_results_per_page=24&pre_filter_expression=%7B%22name%22%3A%22store_availability%22%2C%22value%22%3A%22200%22%7D,,HttpError('Ignoring non-200 response')
1641211,LECHE POLVO LA LECHERA BOL X800G,8445290702234,ALIMENTOS SECOS,ALIMENTOS BASICOS,LECHE NO FLUIDA,Coto Ciudadela,descripcion,LECHE POLVO LA LECHERA BOL X800G,True,65,Leche En Polvo Liviana La Serenisima 800g,LA SERENISIMA,15950.0,,,,12760,,prod00616218,_/R-00616218-00616218-200,https://static.cotodigital3.com.ar/sitios/fotos/large/00616200/00616218.jpg,https://api.coto.com.ar/api/v1/ms-digital-sitio-bff-web/api/v1/products/search/LECHE%20POLVO%20LA%20LECHERA%20BOL%20X800G?key=key_r6xzz4IAoTWcipni&num_results_per_page=24&pre_filter_expression=%7B%22name%22%3A%22store_availability%22%2C%22value%22%3A%22200%22%7D,7,
1614353,YERBA H SERRANAS CBSE LGC PQX500G,7790710334535,ALIMENTOS SECOS,ALIMENTOS BASICOS,TE Y YERBAS,Coto Ciudadela,descripcion,YERBA H SERRANAS CBSE LGC PQX500G,True,71,Yerba Mate CBSÉ Limón 500 Grm,CBSÉ,4870.0,,,,2435,,prod00512965,_/R-00512965-00512965-200,https://static.cotodigital3.com.ar/sitios/fotos/large/00512900/00512965.jpg,https://api.coto.com.ar/api/v1/ms-digital-sitio-bff-web/api/v1/products/search/YERBA%20H%20SERRANAS%20CBSE%20LGC%20PQX500G?key=key_r6xzz4IAoTWcipni&num_results_per_page=24&pre_filter_expression=%7B%22name%22%3A%22store_availability%22%2C%22value%22%3A%22200%22%7D,12,
1526876,YERBA MAÑANITA 4 FLEX X 1KG,7790387015317,ALIMENTOS SECOS,ALIMENTOS BASICOS,TE Y YERBAS,Coto Ciudadela,descripcion,YERBA MAÑANITA 4 FLEX X 1KG,True,77,Yerba Mate 4 Flex UNION 1kg,UNION,5165.0,,,,5165,,prod00512930,_/R-00512930-00512930-200,https://static.cotodigital3.com.ar/sitios/fotos/large/00512900/00512930.jpg,https://api.coto.com.ar/api/v1/ms-digital-sitio-bff-web/api/v1/products/search/YERBA%20MA%C3%91ANITA%204%20FLEX%20X%201KG?key=key_r6xzz4IAoTWcipni&num_results_per_page=24&pre_filter_expression=%7B%22name%22%3A%22store_availability%22%2C%22value%22%3A%22200%22%7D,16,
1526902,YERBA MAÑANITA 4 FLEX X 500GR,7790387015324,ALIMENTOS SECOS,ALIMENTOS BASICOS,TE Y YERBAS,Coto Ciudadela,descripcion,YERBA MAÑANITA 4 FLEX X 500GR,True,77,Yerba Mate 4 Flex Union 500g,SUAVE UNION,5786.0,,,,2893,,prod00499472,_/R-00499472-00499472-200,https://static.cotodigital3.com.ar/sitios/fotos/large/00499400/00499472.jpg,https://api.coto.com.ar/api/v1/ms-digital-sitio-bff-web/api/v1/products/search/YERBA%20MA%C3%91ANITA%204%20FLEX%20X%20500GR?key=key_r6xzz4IAoTWcipni&num_results_per_page=24&pre_filter_expression=%7B%22name%22%3A%22store_availability%22%2C%22value%22%3A%22200%22%7D,15,
175708,YERBA PLAYADITO PQ X2K,7793704000041,ALIMENTOS SECOS,ALIMENTOS BASICOS,TE Y YERBAS,Coto Ciudadela,descripcion,YERBA PLAYADITO PQ X2K,True,77,Yerba Mate Suave PLAYADITO 1 Kg,PLAYADITO,4999.0,,,,4999,,prod00502038,_/R-00502038-00502038-200,https://static.cotodigital3.com.ar/sitios/fotos/large/00502000/00502038.jpg,https://api.coto.com.ar/api/v1/ms-digital-sitio-bff-web/api/v1/products/search/YERBA%20PLAYADITO%20PQ%20X2K?key=key_r6xzz4IAoTWcipni&num_results_per_page=24&pre_filter_expression=%7B%22name%22%3A%22store_availability%22%2C%22value%22%3A%22200%22%7D,14,
1536119,YERBA PLAYADITO PQX500G,7793704000911,ALIMENTOS SECOS,ALIMENTOS BASICOS,TE Y YERBAS,Coto Ciudadela,descripcion,YERBA PLAYADITO PQX500G,True,85,Yerba Mate PLAYADITO Paquete 500 Gr,PLAYADITO,6600.0,,,,3300,,prod00269852,_/R-00269852-00269852-200,https://static.cotodigital3.com.ar/sitios/fotos/large/00269800/00269852.jpg,https://api.coto.com.ar/api/v1/ms-digital-sitio-bff-web/api/v1/products/search/YERBA%20PLAYADITO%20PQX500G?key=key_r6xzz4IAoTWcipni&num_results_per_page=24&pre_filter_expression=%7B%22name%22%3A%22store_availability%22%2C%22value%22%3A%22200%22%7D,13,
1536093,YERBA PLAYADITO X1K,7793704000928,ALIMENTOS SECOS,ALIMENTOS BASICOS,TE Y YERBAS,Coto Ciudadela,descripcion,YERBA PLAYADITO X1K,True,82,Yerba Mate Suave PLAYADITO 1 Kg,PLAYADITO,4999.0,,,,4999,,prod00502038,_/R-00502038-00502038-200,https://static.cotodigital3.com.ar/sitios/fotos/large/00502000/00502038.jpg,https://api.coto.com.ar/api/v1/ms-digital-sitio-bff-web/api/v1/products/search/YERBA%20PLAYADITO%20X1K?key=key_r6xzz4IAoTWcipni&num_results_per_page=24&pre_filter_expression=%7B%22name%22%3A%22store_availability%22%2C%22value%22%3A%22200%22%7D,13,
1614314,YERBA SERRANAS CBSE LGC PQX1KG,7790710334573,ALIMENTOS SECOS,ALIMENTOS BASICOS,TE Y YERBAS,Coto Ciudadela,descripcion,YERBA SERRANAS CBSE LGC PQX1KG,True,63,Yerba Mate CBSÉ Hierbas Serranas 1 Kg,CBSÉ,4530.0,,,,4530,,prod00512968,_/R-00512968-00512968-200,https://static.cotodigital3.com.ar/sitios/fotos/large/00512900/00512968.jpg,https://api.coto.com.ar/api/v1/ms-digital-sitio-bff-web/api/v1/products/search/YERBA%20SERRANAS%20CBSE%20LGC%20PQX1KG?key=key_r6xzz4IAoTWcipni&num_results_per_page=24&pre_filter_expression=%7B%22name%22%3A%22store_availability%22%2C%22value%22%3A%22200%22%7D,12,
1526733,YERBA TARAGUI 4 FLEX X 1KG,7790387013610,ALIMENTOS SECOS,ALIMENTOS BASICOS,TE Y YERBAS,Coto Ciudadela,descripcion,YERBA TARAGUI 4 FLEX X 1KG,True,71,Yerba Mate 4 Flex UNION 1kg,UNION,5165.0,,,,5165,,prod00512930,_/R-00512930-00512930-200,https://static.cotodigital3.com.ar/sitios/fotos/large/00512900/00512930.jpg,https://api.coto.com.ar/api/v1/ms-digital-sitio-bff-web/api/v1/products/search/YERBA%20TARAGUI%204%20FLEX%20X%201KG?key=key_r6xzz4IAoTWcipni&num_results_per_page=24&pre_filter_expression=%7B%22name%22%3A%22store_availability%22%2C%22value%22%3A%22200%22%7D,17,
1526785,YERBA TARAGUI 4 FLEX X 500GR,7790387013627,ALIMENTOS SECOS,ALIMENTOS BASICOS,TE Y YERBAS,Coto Ciudadela,descripcion,YERBA TARAGUI 4 FLEX X 500GR,True,73,Yerba Mate 4 Flex TARAGUI 500 Gr,TARAGUI,5786.0,,,,2893,,prod00499473,_/R-00499473-00499473-200,https://static.cotodigital3.com.ar/sitios/fotos/large/00499400/00499473.jpg,https://api.coto.com.ar/api/v1/ms-digital-sitio-bff-web/api/v1/products/search/YERBA%20TARAGUI%204%20FLEX%20X%20500GR?key=key_r6xzz4IAoTWcipni&num_results_per_page=24&pre_filter_expression=%7B%22name%22%3A%22store_availability%22%2C%22value%22%3A%22200%22%7D,16,
1526824,YERBA UNION 4 FLEX X 1 KG.,7790387014617,ALIMENTOS SECOS,ALIMENTOS BASICOS,TE Y YERBAS,Coto Ciudadela,descripcion,YERBA UNION 4 FLEX X 1 KG.,True,79,Yerba Mate 4 Flex UNION 1kg,UNION,5165.0,,,,5165,,prod00512930,_/R-00512930-00512930-200,https://static.cotodigital3.com.ar/sitios/fotos/large/00512900/00512930.jpg,https://api.coto.com.ar/api/v1/ms-digital-sitio-bff-web/api/v1/products/search/YERBA%20UNION%204%20FLEX%20X%201%20KG.?key=key_r6xzz4IAoTWcipni&num_results_per_page=24&pre_filter_expression=%7B%22name%22%3A%22store_availability%22%2C%22value%22%3A%22200%22%7D,12,
1526850,YERBA UNION 4 FLEX X 500GR,7790387014624,ALIMENTOS SECOS,ALIMENTOS BASICOS,TE Y YERBAS,Coto Ciudadela,descripcion,YERBA UNION 4 FLEX X 500GR,True,70,Yerba Mate 4 Flex Union 500g,SUAVE UNION,5786.0,,,,2893,,prod00499472,_/R-00499472-00499472-200,https://static.cotodigital3.com.ar/sitios/fotos/large/00499400/00499472.jpg,https://api.coto.com.ar/api/v1/ms-digital-sitio-bff-web/api/v1/products/search/YERBA%20UNION%204%20FLEX%20X%20500GR?key=key_r6xzz4IAoTWcipni&num_results_per_page=24&pre_filter_expression=%7B%22name%22%3A%22store_availability%22%2C%22value%22%3A%22200%22%7D,13,
519272,JUGO LIMON MINERVA BTX1L,7790070507358,ALIMENTOS SECOS,ALMACEN BASICOS,CONDIMENTOS,Coto Ciudadela,descripcion,JUGO LIMON MINERVA BTX1L,True,90,Jugo De Limon Minerva Pet 1 Ltr,MINERVA,6125.0,,,,6125,,prod00257648,_/R-00257648-00257648-200,https://static.cotodigital3.com.ar/sitios/fotos/large/00257600/00257648.jpg,https://api.coto.com.ar/api/v1/ms-digital-sitio-bff-web/api/v1/products/search/JUGO%20LIMON%20MINERVA%20BTX1L?key=key_r6xzz4IAoTWcipni&num_results_per_page=24&pre_filter_expression=%7B%22name%22%3A%22store_availability%22%2C%22value%22%3A%22200%22%7D,9,
1068652,VINAG ALCOH MENOYO X1L,7790130000058,ALIMENTOS SECOS,ALMACEN BASICOS,CONDIMENTOS,Coto Ciudadela,descripcion,VINAG ALCOH MENOYO X1L,True,87,Vinagre Alcohol MENOYO Pet 1 Ltr,MENOYO,1750.0,,,,1750,,prod00007197,_/R-00007197-00007197-200,https://static.cotodigital3.com.ar/sitios/fotos/large/00007100/00007197.jpg,https://api.coto.com.ar/api/v1/ms-digital-sitio-bff-web/api/v1/products/search/VINAG%20ALCOH%20MENOYO%20X1L?key=key_r6xzz4IAoTWcipni&num_results_per_page=24&pre_filter_expression=%7B%22name%22%3A%22store_availability%22%2C%22value%22%3A%22200%22%7D,18,
1026922,ATUN DESMENUZ ACEITE GDC LTX170G,7891167831094,ALIMENTOS SECOS,ALMACEN BASICOS,CONSERVAS DE PESCADO,Coto Ciudadela,descripcion,ATUN DESMENUZ ACEITE GDC LTX170G,True,65,Atun En Aceite GOMES DA COSTA Lata 110 Gr,GOMES DA COSTA,30500.0,,,,3660,,prod00165181,_/R-00165181-00165181-200,https://static.cotodigital3.com.ar/sitios/fotos/large/00165100/00165181.jpg,https://api.coto.com.ar/api/v1/ms-digital-sitio-bff-web/api/v1/products/search/ATUN%20DESMENUZ%20ACEITE%20GDC%20LTX170G?key=key_r6xzz4IAoTWcipni&num_results_per_page=24&pre_filter_expression=%7B%22name%22%3A%22store_availability%22%2C%22value%22%3A%22200%22%7D,4,
1026896,ATUN LOMO GDC NATURAL LTX170G,7891167831100,ALIMENTOS SECOS,ALMACEN BASICOS,CONSERVAS DE PESCADO,Coto Ciudadela,descripcion,ATUN LOMO GDC NATURAL LTX170G,True,47,Atún Al Natural Lomitos Con Caldo Vegetal COTO 165g,COTO,2899166.0,,,,3479,,prod00179550,_/R-00179550-00179550-200,https://static.cotodigital3.com.ar/sitios/fotos/large/00179500/00179550.jpg,https://api.coto.com.ar/api/v1/ms-digital-sitio-bff-web/api/v1/products/search/ATUN%20LOMO%20GDC%20NATURAL%20LTX170G?key=key_r6xzz4IAoTWcipni&num_results_per_page=24&pre_filter_expression=%7B%22name%22%3A%22store_availability%22%2C%22value%22%3A%22200%22%7D,1,
1138813,PURE TOM ARO SELEC X520G,7796613308161,ALIMENTOS SECOS,ALMACEN BASICOS,DERIVADOS DE TOMATE,Coto Ciudadela,descripcion,PURE TOM ARO SELEC X520G,True,69,Puré De Tomate Arcor 520g,ARCOR,213461.0,,,,1110,,prod00581382,_/R-00581382-00581382-200,https://static.cotodigital3.com.ar/sitios/fotos/large/00581300/00581382.jpg,https://api.coto.com.ar/api/v1/ms-digital-sitio-bff-web/api/v1/products/search/PURE%20TOM%20ARO%20SELEC%20X520G?key=key_r6xzz4IAoTWcipni&num_results_per_page=24&pre_filter_expression=%7B%22name%22%3A%22store_availability%22%2C%22value%22%3A%22200%22%7D,10,
1676766,PURE TOM INCA TB X520G,7790790019063,ALIMENTOS SECOS,ALMACEN BASICOS,DERIVADOS DE TOMATE,Coto Ciudadela,descripcion,PURE TOM INCA TB X520G,True,93,Pure Tomate INCA 520g,INCA,266459.0,,,,1385.59,,prod00004727,_/R-00004727-00004727-200,https://static.cotodigital3.com.ar/sitios/fotos/large/00004700/00004727.jpg,https://api.coto.com.ar/api/v1/ms-digital-sitio-bff-web/api/v1/products/search/PURE%20TOM%20INCA%20TB%20X520G?key=key_r6xzz4IAoTWcipni&num_results_per_page=24&pre_filter_expression=%7B%22name%22%3A%22store_availability%22%2C%22value%22%3A%22200%22%7D,4,
1138826,PURE TOM NOEL TBX520G,7790580138851,ALIMENTOS SECOS,ALMACEN BASICOS,DERIVADOS DE TOMATE,Coto Ciudadela,descripcion,PURE TOM NOEL TBX520G,True,42,Parlante Reloj TOP HOUSE F5-10 10 W,TOP HOUSE,62999.0,,,,62999,,prod00497828,_/R-00497828-00497828-200,https://static.cotodigital3.com.ar/sitios/fotos/large/00497800/00497828.jpg,https://api.coto.com.ar/api/v1/ms-digital-sitio-bff-web/api/v1/products/search/PURE%20TOM%20NOEL%20TBX520G?key=key_r6xzz4IAoTWcipni&num_results_per_page=24&pre_filter_expression=%7B%22name%22%3A%22store_availability%22%2C%22value%22%3A%22200%22%7D,4,
1041313,TOMATE ENTERO NOEL LAT X400G,7795184003901,ALIMENTOS SECOS,ALMACEN BASICOS,DERIVADOS DE TOMATE,Coto Ciudadela,descripcion,TOMATE ENTERO NOEL LAT X400G,True,47,"Helado Ddl,Frutilla,C NOEL Bal 1 Kgm",NOEL,13895.0,,,,13895,,prod00500931,_/R-00500931-00500931-200,https://static.cotodigital3.com.ar/sitios/fotos/large/00500900/00500931.jpg,https://api.coto.com.ar/api/v1/ms-digital-sitio-bff-web/api/v1/products/search/TOMATE%20ENTERO%20NOEL%20LAT%20X400G?key=key_r6xzz4IAoTWcipni&num_results_per_page=24&pre_filter_expression=%7B%22name%22%3A%22store_availability%22%2C%22value%22%3A%22200%22%7D,2,
1041183,TOMATE ENTERO SALSATI  LATX400,7793360000294,ALIMENTOS SECOS,ALMACEN BASICOS,DERIVADOS DE TOMATE,Coto Ciudadela,descripcion,TOMATE ENTERO SALSATI  LATX400,True,64,Tomate Pelado Entero INCA 400g,INCA,386652.0,,,,1546.61,,prod00128958,_/R-00128958-00128958-200,https://static.cotodigital3.com.ar/sitios/fotos/large/00128900/00128958.jpg,https://api.coto.com.ar/api/v1/ms-digital-sitio-bff-web/api/v1/products/search/TOMATE%20ENTERO%20SALSATI%20%20LATX400?key=key_r6xzz4IAoTWcipni&num_results_per_page=24&pre_filter_expression=%7B%22name%22%3A%22store_availability%22%2C%22value%22%3A%22200%22%7D,7,
553254,DURAZNO MTD INCA LT 1X820G,7790790007022,ALIMENTOS SECOS,ALMACEN BASICOS,FRUTAS AL NATURAL,Coto Ciudadela,descripcion,DURAZNO MTD INCA LT 1X820G,True,63,Durazno COPA DE ORO Light 820gr,COPA DE ORO,402317.0,,,,3299,,prod00481942,_/R-00481942-00481942-200,https://static.cotodigital3.com.ar/sitios/fotos/large/00481900/00481942.jpg,https://api.coto.com.ar/api/v1/ms-digital-sitio-bff-web/api/v1/products/search/DURAZNO%20MTD%20INCA%20LT%201X820G?key=key_r6xzz4IAoTWcipni&num_results_per_page=24&pre_filter_expression=%7B%22name%22%3A%22store_availability%22%2C%22value%22%3A%22200%22%7D,6,
463008,KETCHUP HELLMANNS DPX500G,7794000006164,ALIMENTOS SECOS,ALMACEN BASICOS,MAYONESAS,Coto Ciudadela,descripcion,KETCHUP HELLMANNS DPX500G,True,97,Ketchup Hellmanns 400gr,HELLMANNS,15230.0,,,,6092,,prod00545654,_/R-00545654-00545654-200,https://static.cotodigital3.com.ar/sitios/fotos/large/00545600/00545654.jpg,https://api.coto.com.ar/api/v1/ms-digital-sitio-bff-web/api/v1/products/search/KETCHUP%20HELLMANNS%20DPX500G?key=key_r6xzz4IAoTWcipni&num_results_per_page=24&pre_filter_expression=%7B%22name%22%3A%22store_availability%22%2C%22value%22%3A%22200%22%7D,8,
558376,MAYO HELLMANNS DPX1000CC,7794000006058,ALIMENTOS SECOS,ALMACEN BASICOS,MAYONESAS,Coto Ciudadela,descripcion,MAYO HELLMANNS DPX1000CC,True,71,Mayonesa Vegana Hellmanns 500gr,HELLMANNS,6906.0,,,,3453,,prod00543224,_/R-00543224-00543224-200,https://static.cotodigital3.com.ar/sitios/fotos/large/00543200/00543224.jpg,https://api.coto.com.ar/api/v1/ms-digital-sitio-bff-web/api/v1/products/search/MAYO%20HELLMANNS%20DPX1000CC?key=key_r6xzz4IAoTWcipni&num_results_per_page=24&pre_filter_expression=%7B%22name%22%3A%22store_availability%22%2C%22value%22%3A%22200%22%7D,11,
67756,MAYO HELLMANNS DPX500CC,7794000006072,ALIMENTOS SECOS,ALMACEN BASICOS,MAYONESAS,Coto Ciudadela,descripcion,MAYO HELLMANNS DPX500CC,True,76,Mayonesa Vegana Hellmanns 500gr,HELLMANNS,6906.0,,,,3453,,prod00543224,_/R-00543224-00543224-200,https://static.cotodigital3.com.ar/sitios/fotos/large/00543200/00543224.jpg,https://api.coto.com.ar/api/v1/ms-digital-sitio-bff-web/api/v1/products/search/MAYO%20HELLMANNS%20DPX500CC?key=key_r6xzz4IAoTWcipni&num_results_per_page=24&pre_filter_expression=%7B%22name%22%3A%22store_availability%22%2C%22value%22%3A%22200%22%7D,12,
898768,MAYO NATURA DPX1000CC,7791866001357,ALIMENTOS SECOS,ALMACEN BASICOS,MAYONESAS,Coto Ciudadela,descripcion,MAYO NATURA DPX1000CC,True,67,Mayonesa NATURA Pouch 950 Gr,NATURA,586631.0,,,,5573,,prod00050543,_/R-00050543-00050543-200,https://static.cotodigital3.com.ar/sitios/fotos/large/00050500/00050543.jpg,https://api.coto.com.ar/api/v1/ms-digital-sitio-bff-web/api/v1/products/search/MAYO%20NATURA%20DPX1000CC?key=key_r6xzz4IAoTWcipni&num_results_per_page=24&pre_filter_expression=%7B%22name%22%3A%22store_availability%22%2C%22value%22%3A%22200%22%7D,11,
1585402,MAYO NATURA DPX125CC,7791866001197,ALIMENTOS SECOS,ALMACEN BASICOS,MAYONESAS,Coto Ciudadela,descripcion,MAYO NATURA DPX125CC,True,68,Mayonesa NATURA Pouch 950 Gr,NATURA,586631.0,,,,5573,,prod00050543,_/R-00050543-00050543-200,https://static.cotodigital3.com.ar/sitios/fotos/large/00050500/00050543.jpg,https://api.coto.com.ar/api/v1/ms-digital-sitio-bff-web/api/v1/products/search/MAYO%20NATURA%20DPX125CC?key=key_r6xzz4IAoTWcipni&num_results_per_page=24&pre_filter_expression=%7B%22name%22%3A%22store_availability%22%2C%22value%22%3A%22200%22%7D,11,
49426,MAYO NATURA DPX500CC,7791866001364,ALIMENTOS SECOS,ALMACEN BASICOS,MAYONESAS,Coto Ciudadela,descripcion,MAYO NATURA DPX500CC,True,72,Mayonesa NATURA Pouch 950 Gr,NATURA,586631.0,,,,5573,,prod00050543,_/R-00050543-00050543-200,https://static.cotodigital3.com.ar/sitios/fotos/large/00050500/00050543.jpg,https://api.coto.com.ar/api/v1/ms-digital-sitio-bff-web/api/v1/products/search/MAYO%20NATURA%20DPX500CC?key=key_r6xzz4IAoTWcipni&num_results_per_page=24&pre_filter_expression=%7B%22name%22%3A%22store_availability%22%2C%22value%22%3A%22200%22%7D,8,
190073,MOSTAZA SAVORA DPX500G,7794000006485,ALIMENTOS SECOS,ALMACEN BASICOS,MAYONESAS,Coto Ciudadela,descripcion,MOSTAZA SAVORA DPX500G,True,83,Mostaza Original SAVORA 500 Gr,SAVORA,5794.0,,,,2897,,prod00543229,_/R-00543229-00543229-200,https://static.cotodigital3.com.ar/sitios/fotos/large/00543200/00543229.jpg,https://api.coto.com.ar/api/v1/ms-digital-sitio-bff-web/api/v1/products/search/MOSTAZA%20SAVORA%20DPX500G?key=key_r6xzz4IAoTWcipni&num_results_per_page=24&pre_filter_expression=%7B%22name%22%3A%22store_availability%22%2C%22value%22%3A%22200%22%7D,4,
339352,"MAYO HELLMANNS PQX2,750KG",7794000006027,ALIMENTOS SECOS,ALMACEN BASICOS,SALSAS Y ADEREZOS,Coto Ciudadela,descripcion,"MAYO HELLMANNS PQX2,750KG",True,77,Mayonesa Picante Hellmanns 250g,HELLMANNS,13396.0,,,,3349,,prod00586168,_/R-00586168-00586168-200,https://static.cotodigital3.com.ar/sitios/fotos/large/00586100/00586168.jpg,https://api.coto.com.ar/api/v1/ms-digital-sitio-bff-web/api/v1/products/search/MAYO%20HELLMANNS%20PQX2%2C750KG?key=key_r6xzz4IAoTWcipni&num_results_per_page=24&pre_filter_expression=%7B%22name%22%3A%22store_availability%22%2C%22value%22%3A%22200%22%7D,12,
1025791,MAYO NATURA DPX250CC,7791866001203,ALIMENTOS SECOS,ALMACEN BASICOS,SALSAS Y ADEREZOS,Coto Ciudadela,descripcion,MAYO NATURA DPX250CC,True,72,Mayonesa NATURA Pouch 950 Gr,NATURA,586631.0,,,,5573,,prod00050543,_/R-00050543-00050543-200,https://static.cotodigital3.com.ar/sitios/fotos/large/00050500/00050543.jpg,https://api.coto.com.ar/api/v1/ms-digital-sitio-bff-web/api/v1/products/search/MAYO%20NATURA%20DPX250CC?key=key_r6xzz4IAoTWcipni&num_results_per_page=24&pre_filter_expression=%7B%22name%22%3A%22store_availability%22%2C%22value%22%3A%22200%22%7D,13,
313534,MAYO NATURA PQX2900CC,7791866003276,ALIMENTOS SECOS,ALMACEN BASICOS,SALSAS Y ADEREZOS,Coto Ciudadela,descripcion,MAYO NATURA PQX2900CC,True,71,Mayonesa NATURA Pouch 950 Gr,NATURA,586631.0,,,,5573,,prod00050543,_/R-00050543-00050543-200,https://static.cotodigital3.com.ar/sitios/fotos/large/00050500/00050543.jpg,https://api.coto.com.ar/api/v1/ms-digital-sitio-bff-web/api/v1/products/search/MAYO%20NATURA%20PQX2900CC?key=key_r6xzz4IAoTWcipni&num_results_per_page=24&pre_filter_expression=%7B%22name%22%3A%22store_availability%22%2C%22value%22%3A%22200%22%7D,14,
104403,CALDO VERDURA KNORR CJX12U,7794000008557,ALIMENTOS SECOS,ALMACEN BASICOS,SOPAS Y CALDOS,Coto Ciudadela,descripcion,CALDO VERDURA KNORR CJX12U,True,72,Caldo Deshidratado De Verduras Knorr 114g,KNORR,2501754.0,,,,2852,,prod00580648,_/R-00580648-00580648-200,https://static.cotodigital3.com.ar/sitios/fotos/large/00580600/00580648.jpg,https://api.coto.com.ar/api/v1/ms-digital-sitio-bff-web/api/v1/products/search/CALDO%20VERDURA%20KNORR%20CJX12U?key=key_r6xzz4IAoTWcipni&num_results_per_page=24&pre_filter_expression=%7B%22name%22%3A%22store_availability%22%2C%22value%22%3A%22200%22%7D,2,
1028326,ARVEJA INCA LATX350G,7790790120257,ALIMENTOS SECOS,ALMACEN BASICOS,VEGETALES AL NATURAL,Coto Ciudadela,descripcion,ARVEJA INCA LATX350G,True,84,Arveja Seca/Rem INCA Lat 350 Gr,INCA,445049.0,,,,899,,prod00128955,_/R-00128955-00128955-200,https://static.cotodigital3.com.ar/sitios/fotos/large/00128900/00128955.jpg,https://api.coto.com.ar/api/v1/ms-digital-sitio-bff-web/api/v1/products/search/ARVEJA%20INCA%20LATX350G?key=key_r6xzz4IAoTWcipni&num_results_per_page=24&pre_filter_expression=%7B%22name%22%3A%22store_availability%22%2C%22value%22%3A%22200%22%7D,10,
1659034,ALIM CAFE INST ARLISTAN FRX170G,7790070933638,ALIMENTOS SECOS,ALMACEN EN GENERAL,CAFE,Coto Ciudadela,descripcion,ALIM CAFE INST ARLISTAN FRX170G,True,70,Cafe Instantáneo Suave Y Espumo Arlistan 170g,ARLISTAN,5764705.0,,,,9800,,prod00574335,_/R-00574335-00574335-200,https://static.cotodigital3.com.ar/sitios/fotos/large/00574300/00574335.jpg,https://api.coto.com.ar/api/v1/ms-digital-sitio-bff-web/api/v1/products/search/ALIM%20CAFE%20INST%20ARLISTAN%20FRX170G?key=key_r6xzz4IAoTWcipni&num_results_per_page=24&pre_filter_expression=%7B%22name%22%3A%22store_availability%22%2C%22value%22%3A%22200%22%7D,5,
41288,CAFE INST DOLCA REGULAR PQX1KG,8445291098510,ALIMENTOS SECOS,ALMACEN EN GENERAL,CAFE,Coto Ciudadela,descripcion,CAFE INST DOLCA REGULAR PQX1KG,True,58,Combo Café Suave + Taza Dolca 170g,DOLCA,11168235.0,,,,18986,,prod00596970,_/R-00596970-00596970-200,https://static.cotodigital3.com.ar/sitios/fotos/large/00596900/00596970.jpg,https://api.coto.com.ar/api/v1/ms-digital-sitio-bff-web/api/v1/products/search/CAFE%20INST%20DOLCA%20REGULAR%20PQX1KG?key=key_r6xzz4IAoTWcipni&num_results_per_page=24&pre_filter_expression=%7B%22name%22%3A%22store_availability%22%2C%22value%22%3A%22200%22%7D,6,
1758796,CAFE INST NESC DOLCA REG FRX170GR,8445291082212,ALIMENTOS SECOS,ALMACEN EN GENERAL,CAFE,Coto Ciudadela,descripcion,CAFE INST NESC DOLCA REG FRX170GR,True,63,NESCAFÉ® Dolca Original Frasco x170gr,NESCAFE,7278823.0,,,,12374,,prod00575353,_/R-00575353-00575353-200,https://static.cotodigital3.com.ar/sitios/fotos/large/00575300/00575353.jpg,https://api.coto.com.ar/api/v1/ms-digital-sitio-bff-web/api/v1/products/search/CAFE%20INST%20NESC%20DOLCA%20REG%20FRX170GR?key=key_r6xzz4IAoTWcipni&num_results_per_page=24&pre_filter_expression=%7B%22name%22%3A%22store_availability%22%2C%22value%22%3A%22200%22%7D,6,
32877,CAFE INST NESCAFE CLAS PQX1KG,7613287488510,ALIMENTOS SECOS,ALMACEN EN GENERAL,CAFE,Coto Ciudadela,descripcion,CAFE INST NESCAFE CLAS PQX1KG,True,63,NESCAFÉ® Black Roast x 110gr,NESCAFE,10431818.0,,,,11475,,prod00536716,_/R-00536716-00536716-200,https://static.cotodigital3.com.ar/sitios/fotos/large/00536700/00536716.jpg,https://api.coto.com.ar/api/v1/ms-digital-sitio-bff-web/api/v1/products/search/CAFE%20INST%20NESCAFE%20CLAS%20PQX1KG?key=key_r6xzz4IAoTWcipni&num_results_per_page=24&pre_filter_expression=%7B%22name%22%3A%22store_availability%22%2C%22value%22%3A%22200%22%7D,6,
1609790,CAFÉ MOL LA MORENITA INT PQX500G,7790170902008,ALIMENTOS SECOS,ALMACEN EN GENERAL,CAFE,Coto Ciudadela,descripcion,CAFÉ MOL LA MORENITA INT PQX500G,True,75,Cafe Molido Torrado Intenso MORENITA 500g,MORENITA,25412.0,,,,12706,,prod00514018,_/R-00514018-00514018-200,https://static.cotodigital3.com.ar/sitios/fotos/large/00514000/00514018.jpg,https://api.coto.com.ar/api/v1/ms-digital-sitio-bff-web/api/v1/products/search/CAF%C3%89%20MOL%20LA%20MORENITA%20INT%20PQX500G?key=key_r6xzz4IAoTWcipni&num_results_per_page=24&pre_filter_expression=%7B%22name%22%3A%22store_availability%22%2C%22value%22%3A%22200%22%7D,6,
1609751,CAFÉ MOL LA VIRGINIA EQUIL X1KG,7790150006375,ALIMENTOS SECOS,ALMACEN EN GENERAL,CAFE,Coto Ciudadela,descripcion,CAFÉ MOL LA VIRGINIA EQUIL X1KG,True,68,Cafe Instantaneo Clásico La Virginia Fra 170 Grm,LA VIRGINIA,47800.0,,,,8126,,prod00525878,_/R-00525878-00525878-200,https://static.cotodigital3.com.ar/sitios/fotos/large/00525800/00525878.jpg,https://api.coto.com.ar/api/v1/ms-digital-sitio-bff-web/api/v1/products/search/CAF%C3%89%20MOL%20LA%20VIRGINIA%20EQUIL%20X1KG?key=key_r6xzz4IAoTWcipni&num_results_per_page=24&pre_filter_expression=%7B%22name%22%3A%22store_availability%22%2C%22value%22%3A%22200%22%7D,8,
1609738,CAFÉ MOL LA VIRGINIA EQUIL X500G,7790150006351,ALIMENTOS SECOS,ALMACEN EN GENERAL,CAFE,Coto Ciudadela,descripcion,CAFÉ MOL LA VIRGINIA EQUIL X500G,True,78,Cafe Cortado LA VIRGINIA 125g,LA VIRGINIA,47432.0,,,,5929,,prod00526415,_/R-00526415-00526415-200,https://static.cotodigital3.com.ar/sitios/fotos/large/00526400/00526415.jpg,https://api.coto.com.ar/api/v1/ms-digital-sitio-bff-web/api/v1/products/search/CAF%C3%89%20MOL%20LA%20VIRGINIA%20EQUIL%20X500G?key=key_r6xzz4IAoTWcipni&num_results_per_page=24&pre_filter_expression=%7B%22name%22%3A%22store_availability%22%2C%22value%22%3A%22200%22%7D,7,
68133,CAFE MOL LPC PQX1KG,7790550000171,ALIMENTOS SECOS,ALMACEN EN GENERAL,CAFE,Coto Ciudadela,descripcion,CAFE MOL LPC PQX1KG,True,40,Cafe Instantáneo Moka Cabrales 115g,CABRALES,4514782.0,,,,5192,,prod00573345,_/R-00573345-00573345-200,https://static.cotodigital3.com.ar/sitios/fotos/large/00573300/00573345.jpg,https://api.coto.com.ar/api/v1/ms-digital-sitio-bff-web/api/v1/products/search/CAFE%20MOL%20LPC%20PQX1KG?key=key_r6xzz4IAoTWcipni&num_results_per_page=24&pre_filter_expression=%7B%22name%22%3A%22store_availability%22%2C%22value%22%3A%22200%22%7D,3,
1642823,MERM BC DURAZNO FRX390G,7793360131516,ALIMENTOS SECOS,ALMACEN EN GENERAL,DULCES Y MERMELADAS,Coto Ciudadela,descripcion,MERM BC DURAZNO FRX390G,True,65,Mermelada Sabor Durazno Cormillot 390g,CORMILLOT,775384.0,,,,3024,,prod00180628,_/R-00180628-00180628-200,https://static.cotodigital3.com.ar/sitios/fotos/large/00180600/00180628.jpg,https://api.coto.com.ar/api/v1/ms-digital-sitio-bff-web/api/v1/products/search/MERM%20BC%20DURAZNO%20FRX390G?key=key_r6xzz4IAoTWcipni&num_results_per_page=24&pre_filter_expression=%7B%22name%22%3A%22store_availability%22%2C%22value%22%3A%22200%22%7D,8,
593242,MERM NOEL DURAZNO FRX454G,7795184119756,ALIMENTOS SECOS,ALMACEN EN GENERAL,DULCES Y MERMELADAS,Coto Ciudadela,descripcion,MERM NOEL DURAZNO FRX454G,True,46,"Helado Ddl,Frutilla,C NOEL Bal 1 Kgm",NOEL,13895.0,,,,13895,,prod00500931,_/R-00500931-00500931-200,https://static.cotodigital3.com.ar/sitios/fotos/large/00500900/00500931.jpg,https://api.coto.com.ar/api/v1/ms-digital-sitio-bff-web/api/v1/products/search/MERM%20NOEL%20DURAZNO%20FRX454G?key=key_r6xzz4IAoTWcipni&num_results_per_page=24&pre_filter_expression=%7B%22name%22%3A%22store_availability%22%2C%22value%22%3A%22200%22%7D,6,
1119521,PICADILLO SWIFT CARNE LATX90G,7790360720115,ALIMENTOS SECOS,ALMACEN EN GENERAL,ENLATADOS DE CARNE,Coto Ciudadela,descripcion,PICADILLO SWIFT CARNE LATX90G,True,80,Picadillo Carne SWIFT 90g,SWIFT,1432222.0,,,,1289,,prod00002645,_/R-00002645-00002645-200,https://static.cotodigital3.com.ar/sitios/fotos/large/00002600/00002645.jpg,https://api.coto.com.ar/api/v1/ms-digital-sitio-bff-web/api/v1/products/search/PICADILLO%20SWIFT%20CARNE%20LATX90G?key=key_r6xzz4IAoTWcipni&num_results_per_page=24&pre_filter_expression=%7B%22name%22%3A%22store_availability%22%2C%22value%22%3A%22200%22%7D,12,
1764165,BIZCOCH EXQUISITA VAINI CJX540G,7790070432964,ALIMENTOS SECOS,ALMACEN EN GENERAL,FLANES Y POSTRES,Coto Ciudadela,descripcion,BIZCOCH EXQUISITA VAINI CJX540G,True,71,Bizcochuelo Sabor Vainilla Exquisita 540g,EXQUISITA,680555.0,,,,3675,,prod00575431,_/R-00575431-00575431-200,https://static.cotodigital3.com.ar/sitios/fotos/large/00575400/00575431.jpg,https://api.coto.com.ar/api/v1/ms-digital-sitio-bff-web/api/v1/products/search/BIZCOCH%20EXQUISITA%20VAINI%20CJX540G?key=key_r6xzz4IAoTWcipni&num_results_per_page=24&pre_filter_expression=%7B%22name%22%3A%22store_availability%22%2C%22value%22%3A%22200%22%7D,13,
1764113,GELAT EXQUISITA FRUTILLA SBX40G,7790070432490,ALIMENTOS SECOS,ALMACEN EN GENERAL,FLANES Y POSTRES,Coto Ciudadela,descripcion,GELAT EXQUISITA FRUTILLA SBX40G,True,67,Gelatina Sabor Cereza Exquisita 40g,EXQUISITA,3000.0,,,,1200,,prod00579126,_/R-00579126-00579126-200,https://static.cotodigital3.com.ar/sitios/fotos/large/00579100/00579126.jpg,https://api.coto.com.ar/api/v1/ms-digital-sitio-bff-web/api/v1/products/search/GELAT%20EXQUISITA%20FRUTILLA%20SBX40G?key=key_r6xzz4IAoTWcipni&num_results_per_page=24&pre_filter_expression=%7B%22name%22%3A%22store_availability%22%2C%22value%22%3A%22200%22%7D,6,
596141,HAR MAIZ PRESTOPRONTA PQX490G,7790580138738,ALIMENTOS SECOS,ALMACEN EN GENERAL,HARINAS Y LEGUMBRES,Coto Ciudadela,descripcion,HAR MAIZ PRESTOPRONTA PQX490G,True,70,Polenta Prestopronta 490g,PRESTO PRONTA,326326.0,,,,1599,,prod00580890,_/R-00580890-00580890-200,https://static.cotodigital3.com.ar/sitios/fotos/large/00580800/00580890.jpg,https://api.coto.com.ar/api/v1/ms-digital-sitio-bff-web/api/v1/products/search/HAR%20MAIZ%20PRESTOPRONTA%20PQX490G?key=key_r6xzz4IAoTWcipni&num_results_per_page=24&pre_filter_expression=%7B%22name%22%3A%22store_availability%22%2C%22value%22%3A%22200%22%7D,11,
1586520,MAICITOS PEHUAMAR X260GR,7790310985397,ALIMENTOS SECOS,ALMACEN EN GENERAL,PRODUCTOS PARA COPETIN,Coto Ciudadela,descripcion,MAICITOS PEHUAMAR X260GR,True,101,Maicitos Pehuamar 265g,PEHUAMAR,2226415.0,,,,5900,,prod00592880,_/R-00592880-00592880-200,https://static.cotodigital3.com.ar/sitios/fotos/large/00592800/00592880.jpg,https://api.coto.com.ar/api/v1/ms-digital-sitio-bff-web/api/v1/products/search/MAICITOS%20PEHUAMAR%20X260GR?key=key_r6xzz4IAoTWcipni&num_results_per_page=24&pre_filter_expression=%7B%22name%22%3A%22store_availability%22%2C%22value%22%3A%22200%22%7D,12,
1585454,PAPAS FRIT PEHUAMAR ACANAL X485GR,7790310985519,ALIMENTOS SECOS,ALMACEN EN GENERAL,PRODUCTOS PARA COPETIN,Coto Ciudadela,descripcion,PAPAS FRIT PEHUAMAR ACANAL X485GR,True,81,Papas Fritas Lisa Pehuamar 450g,PEHUAMAR,22000.0,,,,9900,,prod00611896,_/R-00611896-00611896-200,https://static.cotodigital3.com.ar/sitios/fotos/large/00611800/00611896.jpg,https://api.coto.com.ar/api/v1/ms-digital-sitio-bff-web/api/v1/products/search/PAPAS%20FRIT%20PEHUAMAR%20ACANAL%20X485GR?key=key_r6xzz4IAoTWcipni&num_results_per_page=24&pre_filter_expression=%7B%22name%22%3A%22store_availability%22%2C%22value%22%3A%22200%22%7D,8,
1098006,SAL CELUSAL FINA PQX500G,7790072001014,ALIMENTOS SECOS,ALMACEN EN GENERAL,SAL,Coto Ciudadela,descripcion,SAL CELUSAL FINA PQX500G,True,81,Sal Fina CELUSAL 500g,CELUSAL,3098.0,,,,1549,,prod00011362,_/R-00011362-00011362-200,https://static.cotodigital3.com.ar/sitios/fotos/large/00011300/00011362.jpg,https://api.coto.com.ar/api/v1/ms-digital-sitio-bff-web/api/v1/products/search/SAL%20CELUSAL%20FINA%20PQX500G?key=key_r6xzz4IAoTWcipni&num_results_per_page=24&pre_filter_expression=%7B%22name%22%3A%22store_availability%22%2C%22value%22%3A%22200%22%7D,16,
1098058,SAL DOS ANCLAS FINA PQX500G,7792900000428,ALIMENTOS SECOS,ALMACEN EN GENERAL,SAL,Coto Ciudadela,descripcion,SAL DOS ANCLAS FINA PQX500G,True,84,Sal Fina Dos Anclas 500g,DOS ANCLAS,2858.0,,,,1429,,prod00589889,_/R-00589889-00589889-200,https://static.cotodigital3.com.ar/sitios/fotos/large/00589800/00589889.jpg,https://api.coto.com.ar/api/v1/ms-digital-sitio-bff-web/api/v1/products/search/SAL%20DOS%20ANCLAS%20FINA%20PQX500G?key=key_r6xzz4IAoTWcipni&num_results_per_page=24&pre_filter_expression=%7B%22name%22%3A%22store_availability%22%2C%22value%22%3A%22200%22%7D,15,
1097161,SAL DOS ESTRELLAS FINA PQX500G,7792900092706,ALIMENTOS SECOS,ALMACEN EN GENERAL,SAL,Coto Ciudadela,descripcion,SAL DOS ESTRELLAS FINA PQX500G,True,50,Sal Fina CELUSAL 500g,CELUSAL,3098.0,,,,1549,,prod00011362,_/R-00011362-00011362-200,https://static.cotodigital3.com.ar/sitios/fotos/large/00011300/00011362.jpg,https://api.coto.com.ar/api/v1/ms-digital-sitio-bff-web/api/v1/products/search/SAL%20DOS%20ESTRELLAS%20FINA%20PQX500G?key=key_r6xzz4IAoTWcipni&num_results_per_page=24&pre_filter_expression=%7B%22name%22%3A%22store_availability%22%2C%22value%22%3A%22200%22%7D,15,
1116466,"AMARGO TERMA CITRUS CERO BTX1,35L",7790950135992,ALIMENTOS SECOS,BEBIDAS ALCOHOLICAS,APERITIVOS,Coto Ciudadela,descripcion,"AMARGO TERMA CITRUS CERO BTX1,35L",True,83,Amargo TERMA LIGHT Serrano Cero Botella 1.35 L,TERMA,2000.0,2000.0,2700.0,x,2700,,prod00288551,_/R-00288551-00288551-200,https://static.cotodigital3.com.ar/sitios/fotos/large/00288500/00288551.jpg,https://api.coto.com.ar/api/v1/ms-digital-sitio-bff-web/api/v1/products/search/AMARGO%20TERMA%20CITRUS%20CERO%20BTX1%2C35L?key=key_r6xzz4IAoTWcipni&num_results_per_page=24&pre_filter_expression=%7B%22name%22%3A%22store_availability%22%2C%22value%22%3A%22200%22%7D,18,
1197352,AMERICANO GANCIA BTX1.25ML,7790950138870,ALIMENTOS SECOS,BEBIDAS ALCOHOLICAS,APERITIVOS,Coto Ciudadela,descripcion,AMERICANO GANCIA BTX1.25ML,True,83,Americano Gancia Botella 450 CC,GANCIA,1188666.0,,,,5349,,prod00024710,_/R-00024710-00024710-200,https://static.cotodigital3.com.ar/sitios/fotos/large/00024700/00024710.jpg,https://api.coto.com.ar/api/v1/ms-digital-sitio-bff-web/api/v1/products/search/AMERICANO%20GANCIA%20BTX1.25ML?key=key_r6xzz4IAoTWcipni&num_results_per_page=24&pre_filter_expression=%7B%22name%22%3A%22store_availability%22%2C%22value%22%3A%22200%22%7D,8,
1104493,APER DR LEMON VODKA BTX1L,7790950131918,ALIMENTOS SECOS,BEBIDAS ALCOHOLICAS,APERITIVOS,Coto Ciudadela,descripcion,APER DR LEMON VODKA BTX1L,True,80,Americano DR. LEMON Con Vodka Botella 1 L,DR. LEMON,4200.0,,,,4200,,prod00286945,_/R-00286945-00286945-200,https://static.cotodigital3.com.ar/sitios/fotos/large/00286900/00286945.jpg,https://api.coto.com.ar/api/v1/ms-digital-sitio-bff-web/api/v1/products/search/APER%20DR%20LEMON%20VODKA%20BTX1L?key=key_r6xzz4IAoTWcipni&num_results_per_page=24&pre_filter_expression=%7B%22name%22%3A%22store_availability%22%2C%22value%22%3A%22200%22%7D,11,
170638,APERITIVO CAMPARI BTX750ML,7891136052000,ALIMENTOS SECOS,BEBIDAS ALCOHOLICAS,APERITIVOS,Coto Ciudadela,descripcion,APERITIVO CAMPARI BTX750ML,True,89,Aperitivo Campari Botella 750 CC,CAMPARI,18932.0,,,,14199,,prod00041773,_/R-00041773-00041773-200,https://static.cotodigital3.com.ar/sitios/fotos/large/00041700/00041773.jpg,https://api.coto.com.ar/api/v1/ms-digital-sitio-bff-web/api/v1/products/search/APERITIVO%20CAMPARI%20BTX750ML?key=key_r6xzz4IAoTWcipni&num_results_per_page=24&pre_filter_expression=%7B%22name%22%3A%22store_availability%22%2C%22value%22%3A%22200%22%7D,12,
341276,FERNET BRANCA BT X1L,7790290000523,ALIMENTOS SECOS,BEBIDAS ALCOHOLICAS,APERITIVOS,Coto Ciudadela,descripcion,FERNET BRANCA BT X1L,True,80,Fernet BRANCA Botella 450 Cc,BRANCA,2543333.0,,,,11445,,prod00016291,_/R-00016291-00016291-200,https://static.cotodigital3.com.ar/sitios/fotos/large/00016200/00016291.jpg,https://api.coto.com.ar/api/v1/ms-digital-sitio-bff-web/api/v1/products/search/FERNET%20BRANCA%20BT%20X1L?key=key_r6xzz4IAoTWcipni&num_results_per_page=24&pre_filter_expression=%7B%22name%22%3A%22store_availability%22%2C%22value%22%3A%22200%22%7D,13,
1515722,FERNET BRANCA BT X750ML,7790290101602,ALIMENTOS SECOS,BEBIDAS ALCOHOLICAS,APERITIVOS,Coto Ciudadela,descripcion,FERNET BRANCA BT X750ML,True,88,Fernet BRANCA Botella 750 Cc,BRANCA,2293333.0,,,,17200,,prod00005525,_/R-00005525-00005525-200,https://static.cotodigital3.com.ar/sitios/fotos/large/00005500/00005525.jpg,https://api.coto.com.ar/api/v1/ms-digital-sitio-bff-web/api/v1/products/search/FERNET%20BRANCA%20BT%20X750ML?key=key_r6xzz4IAoTWcipni&num_results_per_page=24&pre_filter_expression=%7B%22name%22%3A%22store_availability%22%2C%22value%22%3A%22200%22%7D,12,
285337,VERMOUTH CINZANO ROSSO BTX950ML,7791200200552,ALIMENTOS SECOS,BEBIDAS ALCOHOLICAS,APERITIVOS,Coto Ciudadela,descripcion,VERMOUTH CINZANO ROSSO BTX950ML,True,90,Vermouth CINZANO Rosso Botella 1 L,CINZANO,10299.0,,,,10299,,prod00002506,_/R-00002506-00002506-200,https://static.cotodigital3.com.ar/sitios/fotos/large/00002500/00002506.jpg,https://api.coto.com.ar/api/v1/ms-digital-sitio-bff-web/api/v1/products/search/VERMOUTH%20CINZANO%20ROSSO%20BTX950ML?key=key_r6xzz4IAoTWcipni&num_results_per_page=24&pre_filter_expression=%7B%22name%22%3A%22store_availability%22%2C%22value%22%3A%22200%22%7D,17,
262834,VODKA SMIRNOFF BT X700ML,7791250001345,ALIMENTOS SECOS,BEBIDAS ALCOHOLICAS,LICORES,Coto Ciudadela,descripcion,VODKA SMIRNOFF BT X700ML,True,98,Vodka SMIRNOFF 700 Ml,SMIRNOFF,15900.0,,,,11130,,prod00206974,_/R-00206974-00206974-200,https://static.cotodigital3.com.ar/sitios/fotos/large/00206900/00206974.jpg,https://api.coto.com.ar/api/v1/ms-digital-sitio-bff-web/api/v1/products/search/VODKA%20SMIRNOFF%20BT%20X700ML?key=key_r6xzz4IAoTWcipni&num_results_per_page=24&pre_filter_expression=%7B%22name%22%3A%22store_availability%22%2C%22value%22%3A%22200%22%7D,15,
1071005,VODKA SMIRNOFF RASBERRY BT X700ML,7791250001871,ALIMENTOS SECOS,BEBIDAS ALCOHOLICAS,LICORES,Coto Ciudadela,descripcion,VODKA SMIRNOFF RASBERRY BT X700ML,True,84,Vodka SMIRNOFF 700 Ml,SMIRNOFF,15900.0,,,,11130,,prod00206974,_/R-00206974-00206974-200,https://static.cotodigital3.com.ar/sitios/fotos/large/00206900/00206974.jpg,https://api.coto.com.ar/api/v1/ms-digital-sitio-bff-web/api/v1/products/search/VODKA%20SMIRNOFF%20RASBERRY%20BT%20X700ML?key=key_r6xzz4IAoTWcipni&num_results_per_page=24&pre_filter_expression=%7B%22name%22%3A%22store_availability%22%2C%22value%22%3A%22200%22%7D,12,
200759,CHAMP CHANDON EXT BR BTX750ML,7790975198613,ALIMENTOS SECOS,BEBIDAS ALCOHOLICAS,SIDRAS Y CHAMPAGNE,Coto Ciudadela,descripcion,CHAMP CHANDON EXT BR BTX750ML,True,67,Champaña Extra Brut Nina 750ml,NINA,2304533.0,,,,17284,,prod00610933,_/R-00610933-00610933-200,https://static.cotodigital3.com.ar/sitios/fotos/large/00610900/00610933.jpg,https://api.coto.com.ar/api/v1/ms-digital-sitio-bff-web/api/v1/products/search/CHAMP%20CHANDON%20EXT%20BR%20BTX750ML?key=key_r6xzz4IAoTWcipni&num_results_per_page=24&pre_filter_expression=%7B%22name%22%3A%22store_availability%22%2C%22value%22%3A%22200%22%7D,8,
1124266,VINO ALMA MORA MALB BTX750ML,7790240042108,ALIMENTOS SECOS,BEBIDAS ALCOHOLICAS,VINOS,Coto Ciudadela,descripcion,VINO ALMA MORA MALB BTX750ML,True,82,Vino Merlot Alma Mora 750ml,ALMA MORA,9724.0,,,,7293,,prod00583079,_/R-00583079-00583079-200,https://static.cotodigital3.com.ar/sitios/fotos/large/00583000/00583079.jpg,https://api.coto.com.ar/api/v1/ms-digital-sitio-bff-web/api/v1/products/search/VINO%20ALMA%20MORA%20MALB%20BTX750ML?key=key_r6xzz4IAoTWcipni&num_results_per_page=24&pre_filter_expression=%7B%22name%22%3A%22store_availability%22%2C%22value%22%3A%22200%22%7D,14,
1124201,VINO ELEMENTOS MALB BTX750ML,7790189021028,ALIMENTOS SECOS,BEBIDAS ALCOHOLICAS,VINOS,Coto Ciudadela,descripcion,VINO ELEMENTOS MALB BTX750ML,True,75,Vino Malbec ELEMENTOS 750cc,ELEMENTOS,8492.0,,,,6369,,prod00164967,_/R-00164967-00164967-200,https://static.cotodigital3.com.ar/sitios/fotos/large/00164900/00164967.jpg,https://api.coto.com.ar/api/v1/ms-digital-sitio-bff-web/api/v1/products/search/VINO%20ELEMENTOS%20MALB%20BTX750ML?key=key_r6xzz4IAoTWcipni&num_results_per_page=24&pre_filter_expression=%7B%22name%22%3A%22store_availability%22%2C%22value%22%3A%22200%22%7D,12,
1124058,VINO EMILIA MALBEC BT X750ML,7793440000305,ALIMENTOS SECOS,BEBIDAS ALCOHOLICAS,VINOS,Coto Ciudadela,descripcion,VINO EMILIA MALBEC BT X750ML,True,75,Vino Malbec Emilia 750ml,EMILIA,1053333.0,,,,7900,,prod00566931,_/R-00566931-00566931-200,https://static.cotodigital3.com.ar/sitios/fotos/large/00566900/00566931.jpg,https://api.coto.com.ar/api/v1/ms-digital-sitio-bff-web/api/v1/products/search/VINO%20EMILIA%20MALBEC%20BT%20X750ML?key=key_r6xzz4IAoTWcipni&num_results_per_page=24&pre_filter_expression=%7B%22name%22%3A%22store_availability%22%2C%22value%22%3A%22200%22%7D,11,
1523951,VINO TORO AFA TINTO TBX1L,7790314063824,ALIMENTOS SECOS,BEBIDAS ALCOHOLICAS,VINOS,Coto Ciudadela,descripcion,VINO TORO AFA TINTO TBX1L,True,70,Vino Tinto . Toro Ttb 1 Ltr,TORO,2728.0,,,,2728,,prod00514834,_/R-00514834-00514834-200,https://static.cotodigital3.com.ar/sitios/fotos/large/00514800/00514834.jpg,https://api.coto.com.ar/api/v1/ms-digital-sitio-bff-web/api/v1/products/search/VINO%20TORO%20AFA%20TINTO%20TBX1L?key=key_r6xzz4IAoTWcipni&num_results_per_page=24&pre_filter_expression=%7B%22name%22%3A%22store_availability%22%2C%22value%22%3A%22200%22%7D,10,
1153737,AGUA CELLIER S/G BTX2L,7790639002416,ALIMENTOS SECOS,CERVEZAS Y REFRESCOS,AGUAS,Coto Ciudadela,descripcion,AGUA CELLIER S/G BTX2L,False,,,,,,,,,,,,,https://api.coto.com.ar/api/v1/ms-digital-sitio-bff-web/api/v1/products/search/AGUA%20CELLIER%20S%2FG%20BTX2L?key=key_r6xzz4IAoTWcipni&num_results_per_page=24&pre_filter_expression=%7B%22name%22%3A%22store_availability%22%2C%22value%22%3A%22200%22%7D,,HttpError('Ignoring non-200 response')
1235455,AGUA MIN S PADRES S/G BTX600ML,7798065733454,ALIMENTOS SECOS,CERVEZAS Y REFRESCOS,AGUAS,Coto Ciudadela,descripcion,AGUA MIN S PADRES S/G BTX600ML,False,,,,,,,,,,,,,https://api.coto.com.ar/api/v1/ms-digital-sitio-bff-web/api/v1/products/search/AGUA%20MIN%20S%20PADRES%20S%2FG%20BTX600ML?key=key_r6xzz4IAoTWcipni&num_results_per_page=24&pre_filter_expression=%7B%22name%22%3A%22store_availability%22%2C%22value%22%3A%22200%22%7D,,HttpError('Ignoring non-200 response')
